{"cameraMode":{"drawMode":0,"name":"Shaded","section":"Shading Mode"},"sceneLighting":false,"audioPlay":false,"sceneViewState":{"m_AlwaysRefresh":false,"showFog":true,"showSkybox":false,"showFlares":true,"showImageEffects":true,"showParticleSystems":true,"showVisualEffectGraphs":true,"m_FxEnabled":true},"in2DMode":false,"pivot":{"x":-1.7888875007629395,"y":0.09117889404296875,"z":-15.822942733764649},"rotation":{"x":0.01649743877351284,"y":-0.014997337013483048,"z":0.00024748104624450207,"w":0.9997535347938538},"size":13.192168235778809,"orthographic":false}